<?xml version="1.0" encoding="UTF-8"?>
<project-private xmlns="http://www.netbeans.org/ns/project-private/1">
    <editor-bookmarks xmlns="http://www.netbeans.org/ns/editor-bookmarks/2" lastBookmarkId="0"/>
    <open-files xmlns="http://www.netbeans.org/ns/projectui-open-files/2">
        <group>
            <file>file:/D:/Documents/Music_player(Project%20File)%20-%20Oshadha%20Induwara/Music_player/src/music_player/Node.java</file>
            <file>file:/D:/Documents/Music_player(Project%20File)%20-%20Oshadha%20Induwara/Music_player/src/music_player/LinkList.java</file>
        </group>
    </open-files>
</project-private>
